<?xml version="1.0" encoding="UTF-8"?>
<root>
  <item name="com.smartydroid.android.starter.kit.widget.LoadingLayout mCurrentViewStatus">
    <annotation name="android.support.annotation.IntDef">
      <val name="value" val="{com.smartydroid.android.starter.kit.widget.LoadingLayout.VIEW_STATE_CONTENT, com.smartydroid.android.starter.kit.widget.LoadingLayout.VIEW_STATE_ERROR, com.smartydroid.android.starter.kit.widget.LoadingLayout.VIEW_STATE_EMPTY, com.smartydroid.android.starter.kit.widget.LoadingLayout.VIEW_STATE_LOADING}" />
    </annotation>
  </item>
  <item name="com.smartydroid.android.starter.kit.widget.LoadingLayout mDefaultViewState">
    <annotation name="android.support.annotation.IntDef">
      <val name="value" val="{com.smartydroid.android.starter.kit.widget.LoadingLayout.VIEW_STATE_CONTENT, com.smartydroid.android.starter.kit.widget.LoadingLayout.VIEW_STATE_ERROR, com.smartydroid.android.starter.kit.widget.LoadingLayout.VIEW_STATE_EMPTY, com.smartydroid.android.starter.kit.widget.LoadingLayout.VIEW_STATE_LOADING}" />
    </annotation>
  </item>
</root>

